zbqc,zb_qc
zbusdt,zb_usdt
zbbtc,zb_btc
btcqc,btc_qc
btcusdt,btc_usdt
bccusdt,bcc_usdt
ubtcusdt,ubtc_usdt
ltcusdt,ltc_usdt
ethusdt,eth_usdt
etcusdt,etc_usdt
btsusdt,bts_usdt
eosusdt,eos_usdt
qtumusdt,qtum_usdt
hsrusdt,hsr_usdt
xrpusdt,xrp_usdt
bcdusdt,bcd_usdt
dashusdt,dash_usdt
bccqc,bcc_qc
ubtcqc,ubtc_qc
ltcqc,ltc_qc
ethqc,eth_qc
etcqc,etc_qc
btsqc,bts_qc
eosqc,eos_qc
qtumqc,qtum_qc
hsrqc,hsr_qc
xrpqc,xrp_qc
bcdqc,bcd_qc
dashqc,dash_qc
bccbtc,bcc_btc
ubtcbtc,ubtc_btc
ltcbtc,ltc_btc
ethbtc,eth_btc
etcbtc,etc_btc
btsbtc,bts_btc
eosbtc,eos_btc
qtumbtc,qtum_btc
hsrbtc,hsr_btc
xrpbtc,xrp_btc
bcdbtc,bcd_btc
dashbtc,dash_btc
sbtcusdt,sbtc_usdt
sbtcqc,sbtc_qc
sbtcbtc,sbtc_btc
inkusdt,ink_usdt
inkqc,ink_qc
inkbtc,ink_btc
tvusdt,tv_usdt
tvqc,tv_qc
tvbtc,tv_btc
bcxusdt,bcx_usdt
bcxqc,bcx_qc
bcxbtc,bcx_btc
bthusdt,bth_usdt
bthqc,bth_qc
bthbtc,bth_btc
lbtcusdt,lbtc_usdt
lbtcqc,lbtc_qc
lbtcbtc,lbtc_btc
chatusdt,chat_usdt
chatqc,chat_qc
chatbtc,chat_btc
hlcusdt,hlc_usdt
hlcqc,hlc_qc
hlcbtc,hlc_btc
bcwusdt,bcw_usdt
bcwqc,bcw_qc
bcwbtc,bcw_btc
btpusdt,btp_usdt
btpqc,btp_qc
btpbtc,btp_btc
bitcnyqc,bitcny_qc
topcusdt,topc_usdt
topcqc,topc_qc
topcbtc,topc_btc
entusdt,ent_usdt
entqc,ent_qc
entbtc,ent_btc
batusdt,bat_usdt
batqc,bat_qc
batbtc,bat_btc
1stusdt,1st_usdt
1stqc,1st_qc
1stbtc,1st_btc
safeusdt,safe_usdt
safeqc,safe_qc
safebtc,safe_btc
qunusdt,qun_usdt
qunqc,qun_qc
qunbtc,qun_btc
btnusdt,btn_usdt
btnqc,btn_qc
btnbtc,btn_btc
trueusdt,true_usdt
trueqc,true_qc
truebtc,true_btc
cdcusdt,cdc_usdt
cdcqc,cdc_qc
cdcbtc,cdc_btc
ddmusdt,ddm_usdt
ddmqc,ddm_qc
ddmbtc,ddm_btc
bitebtc,bite_btc
hotcusdt,hotc_usdt
hotcqc,hotc_qc
hotcbtc,hotc_btc
usdtqc,usdt_qc
xucqc,xuc_qc
xucbtc,xuc_btc
epcqc,epc_qc
epcbtc,epc_btc
bdsqc,bds_qc
bdsbtc,bds_btc
gramqc,gram_qc
gramusdt,gram_usdt
grambtc,gram_btc
dogeqc,doge_qc
dogeusdt,doge_usdt
dogebtc,doge_btc
