bccbtc,bcc_btc
bccqc,bcc_qc
bccusdt,bcc_usdt
bcdbtc,bcd_btc
bcdqc,bcd_qc
bcdusdt,bcd_usdt
bcwbtc,bcw_btc
bcwqc,bcw_qc
bcwusdt,bcw_usdt
bcxbtc,bcx_btc
bcxqc,bcx_qc
bcxusdt,bcx_usdt
bitcnyqc,bitcny_qc
btcqc,btc_qc
btcusdt,btc_usdt
bthbtc,bth_btc
bthqc,bth_qc
bthusdt,bth_usdt
btpbtc,btp_btc
btpqc,btp_qc
btpusdt,btp_usdt
btsbtc,bts_btc
btsqc,bts_qc
btsusdt,bts_usdt
chatbtc,chat_btc
chatqc,chat_qc
chatusdt,chat_usdt
dashbtc,dash_btc
dashqc,dash_qc
dashusdt,dash_usdt
eosbtc,eos_btc
eosqc,eos_qc
eosusdt,eos_usdt
etcbtc,etc_btc
etcqc,etc_qc
etcusdt,etc_usdt
ethbtc,eth_btc
ethqc,eth_qc
ethusdt,eth_usdt
hlcbtc,hlc_btc
hlcqc,hlc_qc
hlcusdt,hlc_usdt
hsrbtc,hsr_btc
hsrqc,hsr_qc
hsrusdt,hsr_usdt
inkbtc,ink_btc
inkqc,ink_qc
inkusdt,ink_usdt
lbtcbtc,lbtc_btc
lbtcqc,lbtc_qc
lbtcusdt,lbtc_usdt
ltcbtc,ltc_btc
ltcqc,ltc_qc
ltcusdt,ltc_usdt
qtumbtc,qtum_btc
qtumqc,qtum_qc
qtumusdt,qtum_usdt
sbtcbtc,sbtc_btc
sbtcqc,sbtc_qc
sbtcusdt,sbtc_usdt
topcusdt,topc_usdt
tvbtc,tv_btc
tvqc,tv_qc
tvusdt,tv_usdt
ubtcbtc,ubtc_btc
ubtcqc,ubtc_qc
ubtcusdt,ubtc_usdt
xrpbtc,xrp_btc
xrpqc,xrp_qc
xrpusdt,xrp_usdt
zbbtc,zb_btc
zbqc,zb_qc
zbusdt,zb_usdt
